-- ============================================================
-- seed.sql : ข้อมูลตัวอย่าง (mock) จาก app/data.js
-- รันซ้ำได้ (idempotent) ด้วย ON CONFLICT DO NOTHING
-- หมายเหตุ PDPA: ชื่อผู้เบิก/ผู้รับเป็น "ข้อมูลตัวอย่าง" ไม่ใช่บุคคลจริง
-- ============================================================

-- ---------- คลัง ----------
insert into public.warehouses (id, no, name_th, name_en) values
  ('WH-01','01','คลัง 01','WH 01'),
  ('WH-02','02','คลัง 02','WH 02'),
  ('WH-03','03','คลัง 03','WH 03'),
  ('WH-04','04','คลัง 04','WH 04'),
  ('WH-05','05','คลัง 05','WH 05'),
  ('WH-06','06','คลัง 06','WH 06'),
  ('WH-07','07','คลัง 07','WH 07'),
  ('WH-08','08','คลัง 08','WH 08'),
  ('WH-09','09','คลัง 09','WH 09')
on conflict (id) do nothing;

-- ---------- แผนก ----------
insert into public.departments (id, name_th, detail) values
  ('11','ฝ่ายสำนักงาน','ฝ่ายบริหารส่วนกลาง'),
  ('12','แผนกบุคคล','แผนกบุคคลและธุรการ'),
  ('13','แผนกจัดซื้อ','แผนกจัดซื้อ'),
  ('14','แผนกขาย','แผนกขาย'),
  ('14-3','สวนสัตว์ชม.','โครงการ-สวนสัตว์เชียงใหม่ (สิ้นสุดสัญญา)'),
  ('14-4','มช.','โครงการ-ม.เชียงใหม่-(ค่าใช้จ่ายหลังการขาย)'),
  ('15','โครงการ 1551','โครงการ-สาย 1551'),
  ('16','แผนก IT','แผนกเทคโนโลยีสารสนเทศ'),
  ('17','ฝ่ายบัญชีการเงิน','ฝ่ายบัญชีและการเงิน'),
  ('18','แผนกโครงการ','แผนกบริหารโครงการ'),
  ('21','แผนกผลิตและซ่อม','แผนกผลิตและซ่อมบำรุง'),
  ('22','แผนกบริการ','แผนกบริการหลังการขาย'),
  ('24','โครงการ ม.จุฬา','โครงการ-จุฬาลงกรณ์มหาวิทยาลัย (สิ้นสุดสัญญา)'),
  ('25','โครงการ รพ.รามา','โครงการ-รพ.รามาธิบดี (สิ้นสุดสัญญา)'),
  ('27','สวทช.','สวทช.-(ค่าใช้จ่ายหลังการขาย) (สิ้นสุดสัญญา)'),
  ('28','โครงการ มธ.1','โครงการ-มหาวิทยาลัยธรรมศาสตร์-รังสิต'),
  ('29','โครงการศิริราช','โครงการ-คณะแพทยศาสตร์ รพ.ศิริราช'),
  ('29-1','ศิริราช 12 คัน','โครงการศิริราช 12 คัน'),
  ('29-2','ศิริราช 5 คัน','โครงการศิริราช 5 คัน'),
  ('30','โครงการ กฟน.','โครงการ-การไฟฟ้านครหลวง (1/1/67-31/12/67)'),
  ('31','โครงการ ม.วล','โครงการ-มหาวิทยาลัยวลัยลักษณ์ (สิ้นสุดสัญญา 7/7/67)'),
  ('36','แผนกวิจัย&พัฒนา','แผนกวิจัยและพัฒนาผลิตภัณฑ์-วิศวะ'),
  ('38','แผนกการตลาด','แผนกการตลาด'),
  ('39','โครงการ กฟผ.','โครงการ-การไฟฟ้าฝ่ายผลิต (สิ้นสุดสัญญา)'),
  ('40','โครงการ กทม.1','โครงการ-กทม.ล้อสู้ราง เคหะร่มเกล้า-ARL ลาดกระบัง'),
  ('41','โครงการ กทม.2','โครงการ-กทม.ล้อสู้ราง ดินแดง-BTS สนามเป้า'),
  ('42','สนง.ทรัพย์สิน มธ','โครงการ-สำนักงานทรัพย์สิน ม.ธรรมศาสตร์ (สิ้นสุดสัญญา)'),
  ('43','การบินไทย','โครงการ-การบินไทย'),
  ('44','โครงการ มธ.2','โครงการ ม.ธรรมศาสตร์-ท่าพระจันทร์ (30/9/67)'),
  ('45','โครงการธนารักษ์','โครงการ บริษัท ธนารักษ์พัฒนาสินทรัพย์ จำกัด'),
  ('46','โครงการทวีวัฒนา','โครงการ กทม.ทวีวัฒนา'),
  ('47','ม.มหิดล 15 คัน','โครงการ ม.มหิดล 15 คัน (ภายใน)'),
  ('48','ม.มหิดล 9 คัน','โครงการ ม.มหิดล 9 คัน (ภายนอก)'),
  ('49','กทม.14 คัน','โครงการ กทม.ล้อสู้ราง 14 คัน'),
  ('50','ธนารักษ์ 6 คัน','โครงการธนารักษ์ 6 คัน 10 เดือน'),
  ('51','ว.นานาชาติมหิดล','โครงการวิทยาลัยนานาชาติ ม.มหิดล'),
  ('52','โครงการ จุฬาฯ','โครงการจุฬาฯ (1/7/69-30/6/73)'),
  ('60-1','TGC EMC (GIZ)','องค์กรความร่วมมือไทย-เยอรมัน (1/6/69-31/7/69)')
on conflict (id) do nothing;

-- ---------- รถบัส ----------
insert into public.vehicles (id, chassis, plate, model, route) values
  ('EVT-018','MEVT1A2B3C4D50018','30-1845 กทม.','EVT City Bus 12m','สาย 3 บางนา–สีลม'),
  ('EVT-022','MEVT1A2B3C4D50022','30-1992 กทม.','EVT City Bus 12m','สาย 7 ลาดกระบัง'),
  ('EVT-031','MEVT1A2B3C4D50031','31-0274 กทม.','EVT Shuttle 8m','Shuttle มหาวิทยาลัย'),
  ('EVT-009','MEVT1A2B3C4D50009','30-1102 กทม.','EVT City Bus 12m','สาย 1 สาทร')
on conflict (id) do nothing;

-- ---------- อะไหล่ ----------
insert into public.parts (code, name_th, name_en, unit, unit_en, warehouse_id, stock, min, price, category) values
  ('BAT-72V-200','แบตเตอรี่ลิเธียม 72V 200Ah','Li-ion Battery Pack 72V 200Ah','ก้อน','pack','WH-01',6,4,184000,'ระบบขับเคลื่อน'),
  ('MOT-AC-150','มอเตอร์ไฟฟ้า AC 150kW','AC Traction Motor 150kW','ตัว','unit','WH-01',3,2,268000,'ระบบขับเคลื่อน'),
  ('CTRL-VCU-3','ชุดควบคุม VCU รุ่น 3','Vehicle Control Unit v3','ชุด','set','WH-02',2,3,96000,'อิเล็กทรอนิกส์'),
  ('BRK-PAD-F','ผ้าเบรกหน้า (ชุด)','Front Brake Pad Set','ชุด','set','WH-02',28,12,3200,'ช่วงล่าง/เบรก'),
  ('TIRE-275-70','ยาง 275/70 R22.5','Tire 275/70 R22.5','เส้น','pcs','WH-01',14,16,9800,'ช่วงล่าง/เบรก'),
  ('CHG-CCS2-60','ชุดชาร์จ CCS2 60kW (อะไหล่)','CCS2 Charger Module 60kW','ชุด','set','WH-01',1,2,142000,'ระบบชาร์จ'),
  ('AC-ROOF-12','แอร์หลังคา 12kW','Rooftop A/C Unit 12kW','ตัว','unit','WH-02',5,3,58000,'ตัวถัง/ภายใน'),
  ('LED-HEAD-L','ไฟหน้า LED (ซ้าย)','LED Headlamp (Left)','ดวง','pcs','WH-03',9,6,7400,'ไฟฟ้า/แสงสว่าง'),
  ('DCDC-25A','ตัวแปลงไฟ DC-DC 25A','DC-DC Converter 25A','ตัว','unit','WH-02',7,4,18600,'อิเล็กทรอนิกส์'),
  ('DOOR-PNL-R','บานประตูไฟฟ้า (ขวา)','Electric Door Panel (Right)','บาน','pcs','WH-03',4,2,26500,'ตัวถัง/ภายใน')
on conflict (code) do nothing;

-- ---------- PR ----------
insert into public.prs (id, date, dept_id, requester, requester_unit, status, scanned, note) values
  ('PR-2569-0148','2026-06-03','21','สมชาย ทองดี','หน่วยซ่อมบำรุงระบบขับเคลื่อน','partial',true,'อะไหล่สำหรับซ่อม EVT-018 และสำรองคลัง'),
  ('PR-2569-0151','2026-06-05','22','วิชัย แสงทอง','หน่วยเดินรถสาย 7','ordered',true,'ยางสำรองรอบไตรมาส'),
  ('PR-2569-0153','2026-06-06','21','ประเสริฐ ใจดี','หน่วยซ่อมบำรุงตัวถัง','pending',true,'งานซ่อมประตู EVT-031'),
  ('PR-2569-0140','2026-05-28','21','อนุชา พงษ์ไพร','สายการผลิต EV ไลน์ 2','received',false,'ชุดชาร์จและตัวแปลงไฟสำหรับประกอบรถใหม่'),
  ('PR-2569-0135','2026-05-22','21','สมชาย ทองดี','หน่วยซ่อมบำรุงระบบขับเคลื่อน','closed',false,'มอเตอร์เปลี่ยนทดแทน EVT-009')
on conflict (id) do nothing;

-- ---------- รายการในใบ PR ----------
insert into public.pr_items (pr_id, part_code, qty, received, used, warehouse_id) values
  ('PR-2569-0148','BAT-72V-200',2,2,1,'WH-01'),
  ('PR-2569-0148','CTRL-VCU-3',3,1,0,'WH-02'),
  ('PR-2569-0148','BRK-PAD-F',8,8,4,'WH-02'),
  ('PR-2569-0151','TIRE-275-70',12,0,0,'WH-01'),
  ('PR-2569-0151','LED-HEAD-L',4,0,0,'WH-03'),
  ('PR-2569-0153','DOOR-PNL-R',2,0,0,'WH-03'),
  ('PR-2569-0153','AC-ROOF-12',1,0,0,'WH-02'),
  ('PR-2569-0140','CHG-CCS2-60',3,3,2,'WH-01'),
  ('PR-2569-0140','DCDC-25A',6,6,6,'WH-02'),
  ('PR-2569-0135','MOT-AC-150',2,2,2,'WH-01')
on conflict (pr_id, part_code) do nothing;

-- ---------- บันทึกรับของ (GR) ----------
insert into public.receipts (id, date, pr_id, part_code, qty, received_by) values
  ('GR-2569-0205','2026-06-04','PR-2569-0148','BAT-72V-200',2,'เจ้าหน้าที่คลัง บางนา'),
  ('GR-2569-0207','2026-06-05','PR-2569-0148','BRK-PAD-F',8,'เจ้าหน้าที่คลัง A'),
  ('GR-2569-0209','2026-06-06','PR-2569-0148','CTRL-VCU-3',1,'เจ้าหน้าที่คลัง A'),
  ('GR-2569-0188','2026-05-29','PR-2569-0140','CHG-CCS2-60',3,'เจ้าหน้าที่คลัง บางนา'),
  ('GR-2569-0189','2026-05-29','PR-2569-0140','DCDC-25A',6,'เจ้าหน้าที่คลัง A')
on conflict (id) do nothing;

-- ---------- รายการเบิก (WD)  — vehicle "—" แปลงเป็น NULL ----------
insert into public.issues (id, date, part_code, qty, warehouse_id, issued_by, dept_id, vehicle_id, job_no, job_title, pr_ref) values
  ('WD-2569-0312','2026-06-07','BAT-72V-200',1,'WH-01','สมชาย ทองดี','21','EVT-018','JOB-0451','เปลี่ยนแบตเตอรี่ชุดที่ 2','PR-2569-0148'),
  ('WD-2569-0308','2026-06-06','BRK-PAD-F',4,'WH-02','ประเสริฐ ใจดี','21','EVT-022','JOB-0448','เปลี่ยนผ้าเบรกหน้า','PR-2569-0148'),
  ('WD-2569-0301','2026-06-02','CHG-CCS2-60',2,'WH-01','อนุชา พงษ์ไพร','21',null,'JOB-0440','ประกอบชุดชาร์จรถใหม่','PR-2569-0140'),
  ('WD-2569-0298','2026-05-30','DCDC-25A',6,'WH-02','อนุชา พงษ์ไพร','21',null,'JOB-0440','ประกอบชุดชาร์จรถใหม่','PR-2569-0140'),
  ('WD-2569-0290','2026-05-25','MOT-AC-150',2,'WH-01','สมชาย ทองดี','21','EVT-009','JOB-0431','เปลี่ยนมอเตอร์ขับเคลื่อน','PR-2569-0135')
on conflict (id) do nothing;
